method,backend,k,status,sentence_bert_runtime_available,faiss_runtime_available,sentence_bert_model,faiss_enabled,error_message,hit_at_k,precision_at_k,recall_at_k,mrr,avg_latency_ms
hybrid_rerank_best,hybrid_tfidf_bm25_rerank,3,ready,True,True,sentence-transformers/all-MiniLM-L6-v2,False,,1.0,1.0,1.0,1.0,9.093530000063764
hybrid_rerank_0.25,hybrid_tfidf_bm25_rerank,3,ready,True,True,sentence-transformers/all-MiniLM-L6-v2,False,,1.0,1.0,1.0,1.0,9.04690010002014
sparse_tfidf_rerank,tfidf_rerank,3,ready,True,True,sentence-transformers/all-MiniLM-L6-v2,False,,1.0,0.9666666666666666,1.0,1.0,2.768610000202898
sentence_bert,sentence_bert_cosine,3,ready,True,True,sentence-transformers/all-MiniLM-L6-v2,False,,1.0,0.9666666666666666,1.0,1.0,16.476068099836993
sentence_bert_faiss,sentence_bert_faiss_ip,3,ready,True,True,sentence-transformers/all-MiniLM-L6-v2,True,,1.0,0.9666666666666666,1.0,1.0,16.76443839969579
bm25,bm25,3,ready,True,True,sentence-transformers/all-MiniLM-L6-v2,False,,1.0,0.9666666666666668,1.0,0.95,6.602450000264071
hybrid_alpha_0.25,hybrid_tfidf_bm25,3,ready,True,True,sentence-transformers/all-MiniLM-L6-v2,False,,1.0,0.9666666666666668,1.0,0.95,8.657410299929325
hybrid_alpha_0.55,hybrid_tfidf_bm25,3,ready,True,True,sentence-transformers/all-MiniLM-L6-v2,False,,1.0,0.9666666666666668,1.0,0.95,8.77967999995235
sparse_tfidf,tfidf,3,ready,True,True,sentence-transformers/all-MiniLM-L6-v2,False,,1.0,0.9,1.0,0.95,2.349789999971108
